SNR,Asymmetry,MeanErrorX,MeanErrorY,StdErrorX,StdErrorY,RMSE_X,RMSE_Y,MaxErrorX,MaxErrorY,AvgTimeMs
10,0,-0.000346766,0.000148584,0.0206236,0.0202091,0.0206265,0.0202096,0.0625557,0.0609246,12.7715
15,0,-0.000445132,1.087e-05,0.0194827,0.0193511,0.0194878,0.0193511,0.0468036,0.0440002,12.9101
20,0,-0.000517046,2.23294e-05,0.0190403,0.0188903,0.0190473,0.0188903,0.0416843,0.0400558,13.5562
25,0,-0.000565298,3.26291e-05,0.0188167,0.0186474,0.0188252,0.0186474,0.0380107,0.0371643,13.7863
30,0,-0.000598837,3.85762e-05,0.0186994,0.0185162,0.018709,0.0185162,0.0359186,0.0350936,14.0718
40,0,-0.00063323,3.23048e-05,0.0186049,0.0184018,0.0186157,0.0184018,0.0338892,0.033087,14.3239
50,0,-0.000661578,3.07942e-05,0.0185839,0.0183689,0.0185957,0.0183689,0.032905,0.0323285,14.68
60,0,-0.000667612,1.60084e-05,0.0185784,0.0183628,0.0185904,0.0183628,0.0324244,0.0319699,14.4626
