SNR,Asymmetry,MeanErrorX,MeanErrorY,StdErrorX,StdErrorY,RMSE_X,RMSE_Y,MaxErrorX,MaxErrorY,AvgTimeMs
30,0,0.000554739,0,0.0181154,0,0,0,0,0,0
30,0.05,0.0251422,0,0.0151658,0,0,0,0,0,0
30,0.1,0.0491542,0,0.0145852,0,0,0,0,0,0
30,0.15,0.0725834,0,0.0151718,0,0,0,0,0,0
30,0.2,0.0941852,0,0.0186496,0,0,0,0,0,0
30,0.25,0.113048,0,0.0185448,0,0,0,0,0,0
